<?xml version="1.0" encoding="UTF-8"?>
<java version="17.0.12" class="java.beans.XMLDecoder">
 <object class="java.util.LinkedList">
  <void method="add">
   <object class="com.wm.deployer.project.is.ISNodeACL">
    <void property="name">
     <string>rules:rn26_validateTelcosDate</string>
    </void>
    <void property="nodeName">
     <string>rules:rn26_validateTelcosDate</string>
    </void>
    <void property="version">
     <string>4.0</string>
    </void>
   </object>
  </void>
  <void method="add">
   <object class="com.wm.deployer.project.is.ISNodeACL">
    <void property="executeACL">
     <string>Internal</string>
    </void>
    <void property="name">
     <string>rules</string>
    </void>
    <void property="nodeName">
     <string>rules</string>
    </void>
    <void property="version">
     <string>4.0</string>
    </void>
   </object>
  </void>
 </object>
</java>
