<?xml version="1.0" encoding="UTF-8"?>
<java version="17.0.12" class="java.beans.XMLDecoder">
 <object class="java.util.LinkedList">
  <void method="add">
   <object class="com.wm.deployer.project.is.ISNodeACL">
    <void property="name">
     <string>Rules_Bancoppel.srv</string>
    </void>
    <void property="nodeName">
     <string>Rules_Bancoppel.srv</string>
    </void>
    <void property="version">
     <string>4.0</string>
    </void>
   </object>
  </void>
  <void method="add">
   <object class="com.wm.deployer.project.is.ISNodeACL">
    <void property="name">
     <string>Rules_Bancoppel.docs:docType_RN_26</string>
    </void>
    <void property="nodeName">
     <string>Rules_Bancoppel.docs:docType_RN_26</string>
    </void>
    <void property="version">
     <string>4.0</string>
    </void>
   </object>
  </void>
  <void method="add">
   <object class="com.wm.deployer.project.is.ISNodeACL">
    <void property="name">
     <string>Rules_Bancoppel.srv:RN26_ValidateTelcosDate</string>
    </void>
    <void property="nodeName">
     <string>Rules_Bancoppel.srv:RN26_ValidateTelcosDate</string>
    </void>
    <void property="version">
     <string>4.0</string>
    </void>
   </object>
  </void>
  <void method="add">
   <object class="com.wm.deployer.project.is.ISNodeACL">
    <void property="name">
     <string>Rules_Bancoppel.docs</string>
    </void>
    <void property="nodeName">
     <string>Rules_Bancoppel.docs</string>
    </void>
    <void property="version">
     <string>4.0</string>
    </void>
   </object>
  </void>
  <void method="add">
   <object class="com.wm.deployer.project.is.ISNodeACL">
    <void property="executeACL">
     <string>Internal</string>
    </void>
    <void property="name">
     <string>Rules_Bancoppel</string>
    </void>
    <void property="nodeName">
     <string>Rules_Bancoppel</string>
    </void>
    <void property="version">
     <string>4.0</string>
    </void>
   </object>
  </void>
 </object>
</java>
