<?xml version="1.0" encoding="UTF-8"?>
<java version="17.0.12" class="java.beans.XMLDecoder">
 <object class="com.wm.deployer.project.Project" id="Project0">
  <void id="Integer0" property="batchSizeForRepo"/>
  <void property="bundles">
   <void method="add">
    <object class="com.wm.deployer.project.Bundle" id="Bundle0">
     <void property="allowedSourceServers">
      <void method="add">
       <string>IS_Bancoppel_QA</string>
      </void>
     </void>
     <void property="dependencies">
      <void method="add">
       <object class="com.wm.deployer.project.is.ISDependency">
        <void property="component">
         <string>SRV_Bancoppel.doc:docType_Log</string>
        </void>
        <void property="componentType">
         <string>Document</string>
        </void>
        <void property="containerName">
         <string>SRV_Bancoppel</string>
        </void>
        <void property="serverIdentifier">
         <string>IS_Bancoppel_QA</string>
        </void>
        <void property="status">
         <object idref="Integer0"/>
        </void>
        <void property="version">
         <string>4.0</string>
        </void>
       </object>
      </void>
      <void method="add">
       <object class="com.wm.deployer.project.is.ISDependency">
        <void property="component">
         <string>Rules_Bancoppel.util:logger</string>
        </void>
        <void property="componentType">
         <string>FlowService</string>
        </void>
        <void property="containerName">
         <string>SRV_Bancoppel</string>
        </void>
        <void property="serverIdentifier">
         <string>IS_Bancoppel_QA</string>
        </void>
        <void property="status">
         <object idref="Integer0"/>
        </void>
        <void property="version">
         <string>4.0</string>
        </void>
       </object>
      </void>
      <void method="add">
       <object class="com.wm.deployer.project.is.ISDependency">
        <void property="component">
         <string>Rules_Bancoppel.util:StringDateToDate</string>
        </void>
        <void property="componentType">
         <string>JavaService</string>
        </void>
        <void property="containerName">
         <string>SRV_Bancoppel</string>
        </void>
        <void property="serverIdentifier">
         <string>IS_Bancoppel_QA</string>
        </void>
        <void property="status">
         <object idref="Integer0"/>
        </void>
        <void property="version">
         <string>4.0</string>
        </void>
       </object>
      </void>
      <void method="add">
       <object class="com.wm.deployer.project.is.ISDependency">
        <void property="component">
         <string>Anonymous</string>
        </void>
        <void property="componentType">
         <string>ACL</string>
        </void>
        <void property="containerName">
         <string>ACL</string>
        </void>
        <void property="serverIdentifier">
         <string>IS_Bancoppel_QA</string>
        </void>
        <void property="status">
         <object idref="Integer0"/>
        </void>
        <void property="version">
         <string>4.0</string>
        </void>
       </object>
      </void>
      <void method="add">
       <object class="com.wm.deployer.project.is.ISDependency">
        <void property="component">
         <string>Default</string>
        </void>
        <void property="componentType">
         <string>ACL</string>
        </void>
        <void property="containerName">
         <string>ACL</string>
        </void>
        <void property="serverIdentifier">
         <string>IS_Bancoppel_QA</string>
        </void>
        <void property="status">
         <object idref="Integer0"/>
        </void>
        <void property="version">
         <string>4.0</string>
        </void>
       </object>
      </void>
      <void method="add">
       <object class="com.wm.deployer.project.is.ISDependency">
        <void property="component">
         <string>Internal</string>
        </void>
        <void property="componentType">
         <string>ACL</string>
        </void>
        <void property="containerName">
         <string>ACL</string>
        </void>
        <void property="serverIdentifier">
         <string>IS_Bancoppel_QA</string>
        </void>
        <void property="status">
         <object idref="Integer0"/>
        </void>
        <void property="version">
         <string>4.0</string>
        </void>
       </object>
      </void>
     </void>
     <void property="description">
      <string></string>
     </void>
     <void property="fetchBy">
      <null/>
     </void>
     <void property="name">
      <string>myDeploymentSet</string>
     </void>
     <void property="otherRegExp">
      <string></string>
     </void>
     <void property="packageRegExp">
      <string></string>
     </void>
     <void property="project">
      <object idref="Project0"/>
     </void>
     <void property="sourceSystems">
      <void method="add">
       <object class="com.wm.deployer.project.is.ISSourceSystem" id="ISSourceSystem0">
        <void property="bundle">
         <object idref="Bundle0"/>
        </void>
        <void property="name">
         <string>IS_Bancoppel_QA</string>
        </void>
        <void property="packages">
         <void method="add">
          <object class="com.wm.deployer.project.is.ISPackage" id="ISPackage0">
           <void property="activateOnInstall">
            <boolean>true</boolean>
           </void>
           <void property="archiveName">
            <string>SRV_Bancoppel</string>
           </void>
           <void property="buildNumber">
            <string></string>
           </void>
           <void property="componentsOrFiles">
            <boolean>true</boolean>
           </void>
           <void property="description">
            <string>ProjectRules_15102024_</string>
           </void>
           <void property="documents">
            <void method="add">
             <string>Rules_Bancoppel.docs:docType_RN_26</string>
            </void>
           </void>
           <void property="filter">
            <int>2</int>
           </void>
           <void property="flowServices">
            <void method="add">
             <string>Rules_Bancoppel.srv:RN26_ValidateTelcosDate</string>
            </void>
           </void>
           <void property="listOfFiles">
            <void method="add">
             <string>manifest.v3</string>
            </void>
            <void method="add">
             <string>ns/Rules_Bancoppel/docs/docType_RN_26/node.ndf</string>
            </void>
            <void method="add">
             <string>ns/Rules_Bancoppel/srv/RN26_ValidateTelcosDate/flow.xml</string>
            </void>
            <void method="add">
             <string>ns/Rules_Bancoppel/srv/RN26_ValidateTelcosDate/node.ndf</string>
            </void>
           </void>
           <void property="name">
            <string>SRV_Bancoppel</string>
           </void>
           <void property="pkgVersion">
            <string>1.0</string>
           </void>
           <void property="previousPatchesIncluded">
            <string></string>
           </void>
           <void property="relVer">
            <int>2</int>
           </void>
           <void property="requiredISVersion">
            <string>10.15.0.0</string>
           </void>
           <void property="requiredJVMVersion">
            <string>11.0.21</string>
           </void>
           <void property="requiredTargetPackageVersion">
            <string>1.0</string>
           </void>
           <void property="sourceSystem">
            <object idref="ISSourceSystem0"/>
           </void>
           <void property="synchronizeDocuments">
            <boolean>true</boolean>
           </void>
           <void property="version">
            <string>4.0</string>
           </void>
          </object>
         </void>
         <void method="add">
          <object class="com.wm.deployer.project.is.ISPackage" id="ISPackage1">
           <void property="activateOnInstall">
            <boolean>true</boolean>
           </void>
           <void property="archiveName">
            <string>RulesDocument</string>
           </void>
           <void property="buildNumber">
            <string></string>
           </void>
           <void property="componentsOrFiles">
            <boolean>true</boolean>
           </void>
           <void property="description">
            <string>ProjectRules_15102024_</string>
           </void>
           <void property="documents">
            <void method="add">
             <string>rules:rn26_validateTelcosDate</string>
            </void>
           </void>
           <void property="filter">
            <int>2</int>
           </void>
           <void property="listOfFiles">
            <void method="add">
             <string>manifest.v3</string>
            </void>
            <void method="add">
             <string>ns/rules/rn26_validateTelcosDate/node.ndf</string>
            </void>
           </void>
           <void property="name">
            <string>RulesDocument</string>
           </void>
           <void property="pkgVersion">
            <string>1.0</string>
           </void>
           <void property="previousPatchesIncluded">
            <string></string>
           </void>
           <void property="relVer">
            <int>2</int>
           </void>
           <void property="requiredISVersion">
            <string>10.15.0.0</string>
           </void>
           <void property="requiredJVMVersion">
            <string>11.0.21</string>
           </void>
           <void property="requiredTargetPackageVersion">
            <string>1.0</string>
           </void>
           <void property="sourceSystem">
            <object idref="ISSourceSystem0"/>
           </void>
           <void property="synchronizeDocuments">
            <boolean>true</boolean>
           </void>
           <void property="version">
            <string>4.0</string>
           </void>
          </object>
         </void>
        </void>
        <void property="version">
         <string>4.0</string>
        </void>
       </object>
      </void>
     </void>
     <void property="treeNodeCount">
      <string>1000</string>
     </void>
     <void property="version">
      <string>4.0</string>
     </void>
    </object>
   </void>
  </void>
  <void property="concurrentDeployment">
   <boolean>true</boolean>
  </void>
  <void property="deployTNRules">
   <string>MERGE</string>
  </void>
  <void property="description">
   <string>REGLA 26</string>
  </void>
  <void property="disablePorts">
   <boolean>true</boolean>
  </void>
  <void property="disableServices">
   <boolean>true</boolean>
  </void>
  <void id="Boolean0" method="isAreDependenciesUnresolved"/>
  <void property="enforceAtDeployment">
   <object idref="Boolean0"/>
  </void>
  <void property="homePage">
   <object class="com.wm.deployer.project.HomePage">
    <void property="projectName">
     <string>20260224_BC_RN26_ValidateTelcosD</string>
    </void>
    <void property="version">
     <string>4.0</string>
    </void>
   </object>
  </void>
  <void property="name">
   <string>20260224_BC_RN26_ValidateTelcosD</string>
  </void>
  <void property="propertyMap">
   <void method="put">
    <string>ProcessModel</string>
    <object class="java.util.LinkedList">
     <void method="add">
      <object class="com.wm.deployer.project.plugin.PluginProperty">
       <void property="pluginName">
        <string>ProcessModel</string>
       </void>
       <void property="propertyName">
        <string>executionEnabled</string>
       </void>
       <void property="propertyType">
        <string>BOOLEAN</string>
       </void>
       <void property="propertyValue">
        <string>FALSE</string>
       </void>
      </object>
     </void>
     <void method="add">
      <object class="com.wm.deployer.project.plugin.PluginProperty">
       <void property="pluginName">
        <string>ProcessModel</string>
       </void>
       <void property="propertyName">
        <string>trackingEnabled</string>
       </void>
       <void property="propertyType">
        <string>BOOLEAN</string>
       </void>
       <void property="propertyValue">
        <string>FALSE</string>
       </void>
      </object>
     </void>
    </object>
   </void>
   <void method="put">
    <string>MWS</string>
    <object class="java.util.LinkedList">
     <void method="add">
      <object class="com.wm.deployer.project.plugin.PluginProperty">
       <void property="pluginName">
        <string>MWS</string>
       </void>
       <void property="propertyName">
        <string>subscriptions</string>
       </void>
       <void property="propertyType">
        <string>BOOLEAN</string>
       </void>
       <void property="propertyValue">
        <string>FALSE</string>
       </void>
      </object>
     </void>
     <void method="add">
      <object class="com.wm.deployer.project.plugin.PluginProperty">
       <void property="pluginName">
        <string>MWS</string>
       </void>
       <void property="propertyName">
        <string>access</string>
       </void>
       <void property="propertyType">
        <string>BOOLEAN</string>
       </void>
       <void property="propertyValue">
        <string>FALSE</string>
       </void>
      </object>
     </void>
     <void method="add">
      <object class="com.wm.deployer.project.plugin.PluginProperty">
       <void property="pluginName">
        <string>MWS</string>
       </void>
       <void property="propertyName">
        <string>versions</string>
       </void>
       <void property="propertyType">
        <string>BOOLEAN</string>
       </void>
       <void property="propertyValue">
        <string>FALSE</string>
       </void>
      </object>
     </void>
     <void method="add">
      <object class="com.wm.deployer.project.plugin.PluginProperty">
       <void property="pluginName">
        <string>MWS</string>
       </void>
       <void property="propertyName">
        <string>aliasprefix</string>
       </void>
       <void property="propertyType">
        <string>STRING</string>
       </void>
       <void property="propertyValue">
        <string>deployer.</string>
       </void>
      </object>
     </void>
     <void method="add">
      <object class="com.wm.deployer.project.plugin.PluginProperty">
       <void property="pluginName">
        <string>MWS</string>
       </void>
       <void property="propertyName">
        <string>principalattribs</string>
       </void>
       <void property="propertyType">
        <string>BOOLEAN</string>
       </void>
       <void property="propertyValue">
        <string>TRUE</string>
       </void>
      </object>
     </void>
     <void method="add">
      <object class="com.wm.deployer.project.plugin.PluginProperty">
       <void property="pluginName">
        <string>MWS</string>
       </void>
       <void property="propertyName">
        <string>autoalias</string>
       </void>
       <void property="propertyType">
        <string>BOOLEAN</string>
       </void>
       <void property="propertyValue">
        <string>TRUE</string>
       </void>
      </object>
     </void>
     <void method="add">
      <object class="com.wm.deployer.project.plugin.PluginProperty">
       <void property="pluginName">
        <string>MWS</string>
       </void>
       <void property="propertyName">
        <string>content</string>
       </void>
       <void property="propertyType">
        <string>BOOLEAN</string>
       </void>
       <void property="propertyValue">
        <string>FALSE</string>
       </void>
      </object>
     </void>
     <void method="add">
      <object class="com.wm.deployer.project.plugin.PluginProperty">
       <void property="pluginName">
        <string>MWS</string>
       </void>
       <void property="propertyName">
        <string>pageDepth</string>
       </void>
       <void property="propertyType">
        <string>STRING</string>
       </void>
       <void property="propertyValue">
        <string>1</string>
       </void>
      </object>
     </void>
    </object>
   </void>
   <void method="put">
    <string>Optimize</string>
    <object class="java.util.LinkedList">
     <void method="add">
      <object class="com.wm.deployer.project.plugin.PluginProperty">
       <void property="pluginName">
        <string>Optimize</string>
       </void>
       <void property="propertyName">
        <string>displayDDL</string>
       </void>
       <void property="propertyType">
        <string>BOOLEAN</string>
       </void>
       <void property="propertyValue">
        <string>FALSE</string>
       </void>
      </object>
     </void>
     <void method="add">
      <object class="com.wm.deployer.project.plugin.PluginProperty">
       <void property="pluginName">
        <string>Optimize</string>
       </void>
       <void property="propertyName">
        <string>incDimValues</string>
       </void>
       <void property="propertyType">
        <string>BOOLEAN</string>
       </void>
       <void property="propertyValue">
        <string>FALSE</string>
       </void>
      </object>
     </void>
    </object>
   </void>
  </void>
  <void property="stopAdapters">
   <boolean>true</boolean>
  </void>
  <void property="stopPorts">
   <object idref="Boolean0"/>
  </void>
  <void property="stopSelectedTriggers">
   <boolean>true</boolean>
  </void>
  <void property="stopServices">
   <object idref="Boolean0"/>
  </void>
  <void property="version">
   <string>4.0</string>
  </void>
 </object>
</java>
